place_coordinates_id,place_id,latitude,longitude,ym_geocode
2358,213,43.020603,44.681888,"Россия, Республика Северная Осетия — Алания, Владикавказ"
2694,270,60.144646,30.209535,"Россия, Ленинградская область, Всеволожский район, Сертолово"
2464,330,63.861436,57.316531,"Россия, Республика Коми, Вуктыл"
2097,1449,45.356200,36.467352,"Россия, Республика Крым, Керчь"
2686,1727,55.846608,48.501120,"Россия, Республика Татарстан, Зеленодольск"
2095,1811,59.763761,60.193493,"Россия, Свердловская область, Краснотурьинск"
2094,1865,52.539308,85.213829,"Россия, Алтайский край, Бийск"
2093,2006,52.246230,117.711740,"Россия, Забайкальский край, Сретенск"
2092,2118,53.136911,103.090096,"Россия, Иркутская область, Черемхово"
2091,2451,55.940689,46.202107,"Россия, Чувашская Республика, Ядрин"
2536,2816,54.596613,52.443260,"Россия, Республика Татарстан, Лениногорск"
2338,2837,54.056551,35.962175,"Россия, Калужская область, Козельский район, Сосенский"
2337,3044,45.358423,40.696395,"Россия, Краснодарский край, Гулькевичи"
2535,3059,53.630152,55.931634,"Россия, Республика Башкортостан, Стерлитамак"
2336,3280,61.669822,40.204388,"Россия, Архангельская область, Няндома"
2335,3293,58.369849,45.518264,"Россия, Костромская область, Шарья"
2357,3370,45.044502,41.969065,"Россия, Ставрополь"
2534,3656,54.319181,35.281692,"Россия, Калужская область, Мещовск"
2533,3698,56.088403,54.248254,"Россия, Республика Башкортостан, Нефтекамск"
2334,3729,53.361694,55.924582,"Россия, Республика Башкортостан, Салават"
2333,3747,57.122219,35.466808,"Россия, Тверская область, Лихославль"
2532,3842,53.017060,32.393851,"Россия, Брянская область, Сураж"
2531,4426,55.207634,36.483584,"Россия, Калужская область, Боровск"
2322,4429,59.644118,33.542886,"Россия, Ленинградская область, Тихвин"
2122,4673,57.526543,38.326460,"Россия, Ярославская область, Углич"
2121,5073,51.158122,82.187216,"Россия, Алтайский край, Змеиногорск"
2476,5432,55.895156,52.314343,"Россия, Республика Татарстан, Менделеевск"
2120,5570,61.111193,28.872680,"Россия, Ленинградская область, Выборгский район, Светогорск"
2223,6002,54.744659,35.242463,"Россия, Калужская область, Юхнов"
2384,6367,51.958182,85.960373,"Россия, Республика Алтай, Горно-Алтайск"
2474,6454,53.183026,158.388355,"Россия, Камчатский край, Елизово"
2119,6476,54.755410,61.324427,"Россия, Челябинская область, Еманжелинск"
2118,6495,53.734001,127.265809,"Россия, Амурская область, Зея"
2117,6654,66.659365,66.388266,"Россия, ЯНАО, Лабытнанги"
2116,6877,46.105835,33.691099,"Россия, Республика Крым, Армянск"
2519,7037,56.252857,93.532210,"Россия, Красноярский край, Железногорск"
2156,7324,43.111199,132.347991,"Россия, Приморский край, Большой Камень"
2530,7350,48.625101,142.778851,"Россия, Сахалинская область, Макаров"
2332,7351,46.652779,141.863135,"Россия, Сахалинская область, Невельск"
2363,7375,54.180857,45.186319,"Россия, Республика Мордовия, Саранск"
2331,7758,61.805890,36.533000,"Россия, Республика Карелия, Пудож"
2515,7829,51.554657,43.146496,"Россия, Саратовская область, Балашов"
2473,7849,53.987134,123.943632,"Россия, Амурская область, Сковородино"
2472,7994,51.090228,40.031911,"Россия, Воронежская область, Бобров"
2514,8140,56.289071,37.483175,"Россия, Московская область, Дмитровский муниципальный район, Яхрома"
2513,8159,55.938561,37.510098,"Россия, Московская область, Долгопрудный"
2512,8162,56.344157,37.520015,"Россия, Московская область, Дмитров"
2511,8926,43.398163,42.921423,"Россия, Кабардино-Балкарская Республика, Эльбрусский район, Тырныауз"
2510,9492,59.535084,45.457646,"Россия, Вологодская область, Никольск"
2509,9570,52.759411,87.847725,"Россия, Кемеровская область, Таштагол"
2398,9694,42.057669,48.288776,"Россия, Республика Дагестан, Дербент"
2492,9941,56.991837,60.477136,"Россия, Свердловская область, Среднеуральск"
2508,9942,56.975804,60.564955,"Россия, Свердловская область, Верхняя Пышма"
2355,10020,51.719086,94.437757,"Россия, Республика Тыва, Кызыл"
2506,10314,68.056712,166.452154,"Россия, Чукотский автономный округ, Билибино"
2366,10575,51.730361,36.192647,"Россия, Курск"
2470,10642,45.260439,38.126001,"Россия, Краснодарский край, Славянск-на-Кубани"
2651,10653,52.022331,47.782818,"Россия, Саратовская область, Балаково"
2650,10797,57.559708,49.935712,"Россия, Кировская область, Нолинск"
2133,10809,49.057075,44.830110,"Россия, Волгоградская область, Дубовка"
2132,11037,50.322058,44.801319,"Россия, Волгоградская область, Котово"
2199,11153,53.244472,39.141798,"Россия, Липецкая область, Данков"
2131,11179,53.791470,81.354603,"Россия, Алтайский край, Каменский район, Камень-на-Оби"
2504,11461,54.964153,48.290142,"Россия, Республика Татарстан, Буинск"
2503,11487,54.990716,57.689969,"Россия, Челябинская область, Сим"
2085,11785,55.619818,40.657902,"Россия, Владимирская область, Гусь-Хрустальный"
2083,11913,54.481448,53.465570,"Россия, Республика Башкортостан, Октябрьский"
2502,12083,52.925259,78.572916,"Россия, Алтайский край, Яровое"
2468,12453,59.117790,28.088136,"Россия, Ленинградская область, Сланцы"
2467,12945,55.659840,37.863199,"Россия, Московская область, Котельники"
2466,12973,44.105325,42.973193,"Россия, Ставропольский край, Лермонтов"
2641,13277,43.957376,43.631946,"Россия, Ставропольский край, Кировский район, Новопавловск"
2465,13320,55.743553,52.395820,"Россия, Республика Татарстан, Набережные Челны"
1988,13479,48.966440,140.285128,"Россия, Хабаровский край, Советско-Гаванский район, Советская Гавань"
2412,13593,61.002486,69.018408,"Россия, ХМАО, Ханты-Мансийск"
2114,14578,52.650646,42.728663,"Россия, Тамбовская область, Кирсанов"
2113,14590,53.706332,84.931551,"Россия, Алтайский край, Заринск"
2112,14882,51.687126,39.027263,"Россия, Воронежская область, Семилуки"
2111,14920,55.597856,37.039462,"Россия, Московская область, Краснознаменск"
2110,14980,50.106518,129.439309,"Россия, Амурская область, Завитинск"
2109,15041,63.795285,74.494448,"Россия, ЯНАО, Муравленко"
2108,15148,59.460968,40.099977,"Россия, Вологодская область, Сокол"
2375,15525,52.033973,113.499432,"Россия, Забайкальский край, Чита"
2107,15757,58.348590,60.040896,"Россия, Свердловская область, Красноуральск"
2529,15844,45.057123,34.599970,"Россия, Республика Крым, Белогорск"
2106,15888,55.729686,36.855325,"Россия, Московская область, Звенигород"
2105,15954,42.115189,48.193914,"Россия, Республика Дагестан, Дагестанские Огни"
2104,15972,60.732141,33.552139,"Россия, Ленинградская область, Лодейное Поле"
2103,16085,50.760530,37.864780,"Россия, Белгородская область, Новый Оскол"
2102,16122,60.939742,76.569601,"Россия, ХМАО, Нижневартовск"
2246,16480,54.965150,39.026059,"Россия, Московская область, Луховицы"
2245,16533,45.099028,43.430606,"Россия, Ставропольский край, Благодарный"
2126,16635,53.598743,87.337051,"Россия, Кемеровская область, Осинники"
2125,16639,55.669315,86.274469,"Россия, Кемеровская область, Берёзовский"
2528,16641,53.884466,86.750082,"Россия, Кемеровская область, Прокопьевск"
2124,16642,53.521083,87.277160,"Россия, Кемеровская область, Калтан"
2123,16683,67.466723,86.581361,"Россия, Красноярский край, Туруханский район, Игарка"
2501,16836,49.081575,142.069281,"Россия, Сахалинская область, Углегорск"
2640,16886,53.686596,88.070372,"Россия, Кемеровская область, Междуреченск"
2685,17428,60.019041,30.645577,"Россия, Ленинградская область, Всеволожск"
2497,17462,50.676327,156.124106,"Россия, Сахалинская область, Северо-Курильск"
2496,17735,56.333305,46.546656,"Россия, Республика Марий Эл, Козьмодемьянск"
2495,17812,51.351246,48.273478,"Россия, Саратовская область, Ершов"
2494,17852,55.375010,37.538979,"Россия, Московская область, Подольск, Климовск"
2493,18016,58.498652,39.122987,"Россия, Ярославская область, Пошехонье"
2381,18436,50.597467,36.588849,"Россия, Белгород"
2491,18860,55.506943,47.491764,"Россия, Чувашская Республика, Канаш"
2490,19053,53.365960,34.109732,"Россия, Брянская область, Сельцо"
2489,19261,58.732526,29.849175,"Россия, Ленинградская область, Луга"
2380,19490,53.243325,34.363731,"Россия, Брянск"
2527,19495,44.723566,37.768678,"Россия, Краснодарский край, Новороссийск"
2488,19545,51.842282,41.461796,"Россия, Тамбовская область, Жердевка"
2487,19615,55.914287,36.860284,"Россия, Московская область, Истра"
2486,19648,53.933794,37.631577,"Россия, Тульская область, Щёкинский район, Советск"
2526,19711,51.367719,42.074995,"Россия, Воронежская область, Борисоглебск"
2485,19821,54.631368,22.571357,"Россия, Калининградская область, Нестеров"
1987,20010,56.713217,36.779309,"Россия, Тверская область, Конаково"
2684,20050,46.689615,47.851791,"Россия, Астраханская область, Нариманов"
2484,20065,51.283644,37.534748,"Россия, Белгородская область, Губкин"
2483,20376,58.481719,41.533113,"Россия, Костромская область, Буй"
2321,20535,54.083217,61.559759,"Россия, Челябинская область, Троицк"
2525,20565,44.934412,37.985495,"Россия, Краснодарский край, Крымск"
2524,20566,52.756648,103.638769,"Россия, Иркутская область, Усолье-Сибирское"
2320,20871,47.631528,43.142625,"Россия, Волгоградская область, Котельниково"
2352,20903,58.603581,49.668023,"Россия, Киров"
2523,21085,63.599034,53.876306,"Россия, Республика Коми, район Сосногорск, Сосногорск"
2522,21113,44.676379,34.410048,"Россия, Республика Крым, Алушта"
2683,21381,62.145570,65.394514,"Россия, ХМАО, Нягань"
1986,21639,51.660496,35.657143,"Россия, Курская область, Курчатов"
2682,21640,57.775747,108.110861,"Россия, Иркутская область, Киренск"
2681,21949,52.045967,47.387317,"Россия, Саратовская область, Вольск"
2680,22069,56.012053,37.475082,"Россия, Московская область, Лобня"
2679,22345,54.479555,37.689689,"Россия, Тульская область, Ясногорск"
2678,22413,51.363434,110.459048,"Россия, Забайкальский край, Хилок"
2677,22613,52.651657,90.088572,"Россия, Республика Хакасия, Абаза"
2143,22929,51.568111,34.680180,"Россия, Курская область, Рыльск"
2521,23122,59.349296,31.248580,"Россия, Ленинградская область, Тосненский район, Любань"
2192,23180,56.854360,40.535471,"Россия, Ивановская область, Тейково"
2639,23399,54.464623,19.945438,"Россия, Калининградская область, Мамоново"
2676,23617,54.449005,61.258096,"Россия, Челябинская область, Южноуральск"
2191,23681,55.045671,60.107677,"Россия, Челябинская область, Миасс"
2190,24071,44.208799,43.138340,"Россия, Ставропольский край, Минеральные Воды"
2675,24120,53.084236,103.336504,"Россия, Иркутская область, Свирск"
2142,24187,54.235127,85.803007,"Россия, Кемеровская область, Гурьевский район, Салаир"
2674,24355,55.922212,37.854629,"Россия, Московская область, Королёв"
2189,24435,58.403221,51.133166,"Россия, Кировская область, Зуевка"
2188,24522,58.838377,36.442495,"Россия, Вологодская область, Устюжна"
2187,24536,52.044338,39.726367,"Россия, Липецкая область, Усмань"
2186,24837,55.840563,48.257856,"Россия, Чувашская Республика, Козловка"
2185,25055,56.011404,90.416889,"Россия, Красноярский край, Назарово"
2673,25469,50.784551,36.488686,"Россия, Белгородская область, Яковлевский район, Строитель"
2378,25715,48.707103,44.516939,"Россия, Волгоград"
2672,25735,55.602144,37.346551,"Россия, Москва, Московский"
2671,26411,58.074855,60.702577,"Россия, Свердловская область, Нижняя Салда"
2670,26418,56.659963,124.720270,"Россия, Республика Саха (Якутия), Нерюнгри"
2669,26525,55.752080,48.744609,"Россия, Республика Татарстан, Верхнеуслонский район, Иннополис"
2668,26540,43.797279,131.951753,"Россия, Приморский край, Уссурийск"
2141,26653,57.107152,41.733366,"Россия, Ивановская область, Родники"
2184,26982,52.591257,58.311199,"Россия, Республика Башкортостан, Баймак"
2183,27072,55.415646,55.558276,"Россия, Республика Башкортостан, Бирск"
2859,27348,53.508816,49.419207,"Россия, Самарская область, Тольятти"
2265,27442,59.944319,31.033370,"Россия, Ленинградская область, Кировский район, Шлиссельбург"
2023,27632,55.579169,42.052411,"Россия, Владимирская область, Муром"
2033,27776,56.109551,47.479125,"Россия, Чувашская Республика, Новочебоксарск"
2647,27911,56.524461,50.678232,"Россия, Кировская область, Малмыж"
2204,27962,51.713333,46.740009,"Россия, Саратовская область, Маркс"
2260,28011,61.031835,76.102549,"Россия, ХМАО, Мегион"
2179,28654,55.319797,38.672410,"Россия, Московская область, Воскресенск"
2032,28696,58.201698,68.253762,"Россия, Тюменская область, Тобольск"
2178,28895,50.453372,40.136916,"Россия, Воронежская область, Павловск"
2520,28898,60.366014,28.613552,"Россия, Ленинградская область, Выборгский район, Приморск"
2177,28900,57.012219,63.732119,"Россия, Свердловская область, Талица"
2319,29356,51.375889,128.134147,"Россия, Амурская область, Свободный"
2173,30327,56.654689,66.312206,"Россия, Тюменская область, Ялуторовск"
2172,30403,50.424119,41.016240,"Россия, Воронежская область, Калач"
2171,30423,55.553299,34.996845,"Россия, Смоленская область, Гагарин"
2169,31061,55.425481,38.264090,"Россия, Московская область, Бронницы"
2168,31718,58.282548,59.764673,"Россия, Свердловская область, Кушва"
2167,31719,58.631026,59.852097,"Россия, Свердловская область, Нижняя Тура"
2166,32272,56.694558,60.834351,"Россия, Свердловская область, Арамиль"
2165,32571,60.979326,32.972645,"Россия, Республика Карелия, Олонец"
2164,32573,61.573083,31.471254,"Россия, Республика Карелия, Питкярантский район, Питкяранта"
2163,32577,61.065915,42.103310,"Россия, Архангельская область, Вельск"
2162,32880,44.563022,38.079055,"Россия, Краснодарский край, Геленджик"
2161,33672,65.148602,57.223977,"Россия, Республика Коми, Печора"
2031,33843,56.363628,41.311220,"Россия, Владимирская область, Ковров"
2160,34272,54.406265,32.439782,"Россия, Смоленская область, Починок"
2159,34277,64.432625,76.500494,"Россия, ЯНАО, Губкинский"
2158,34310,62.912774,34.456850,"Россия, Республика Карелия, Медвежьегорск"
2450,34513,44.148599,43.473896,"Россия, Ставропольский край, Георгиевск"
2157,34554,45.854680,40.125929,"Россия, Краснодарский край, Тихорецкий район, Тихорецк"
2155,34910,53.121594,34.982796,"Россия, Брянская область, Карачев"
2439,35609,46.347869,48.033574,"Россия, Астрахань"
2154,35752,50.050167,46.880398,"Россия, Волгоградская область, Палласовка"
2153,35773,45.328573,42.856628,"Россия, Ставропольский край, Петровский район, Светлоград"
2152,35787,56.514927,34.933586,"Россия, Тверская область, Старица"
2151,35806,53.932023,37.922092,"Россия, Тульская область, Киреевск"
2457,35859,59.766534,60.001227,"Россия, Свердловская область, Карпинск"
2456,35979,55.452686,40.612502,"Россия, Владимирская область, Гусь-Хрустальный район, Курлово"
2455,36322,54.557120,100.578038,"Россия, Иркутская область, Тулун"
2147,36444,53.752197,34.738723,"Россия, Калужская область, Жиздра"
2667,36706,57.317815,43.110995,"Россия, Ивановская область, Юрьевец"
2454,36711,54.039201,43.919056,"Россия, Республика Мордовия, Ковылкино"
2145,36742,59.950767,40.206418,"Россия, Вологодская область, Харовск"
2330,36900,53.736206,119.766080,"Россия, Забайкальский край, Могоча"
2318,37083,55.197204,36.595200,"Россия, Калужская область, Боровский район, Ермолино"
2666,37341,55.431177,37.544737,"Россия, Московская область, Подольск"
2030,37348,57.240412,37.855078,"Россия, Тверская область, Калязин"
2029,37353,60.140229,32.560111,"Россия, Ленинградская область, Волховский район, Сясьстрой"
2028,37601,54.839805,46.572177,"Россия, Чувашская Республика, Алатырь"
2665,38223,56.010005,38.379245,"Россия, Московская область, Черноголовка"
2139,38604,61.331867,46.920445,"Россия, Архангельская область, Котласский район, Сольвычегодск"
2664,38870,45.393055,47.343219,"Россия, Республика Калмыкия, Лагань"
2144,39110,58.705138,59.484004,"Россия, Свердловская область, Качканар"
2329,39123,44.781528,44.165024,"Россия, Ставропольский край, Будённовск"
2137,39149,51.976837,42.252960,"Россия, Тамбовская область, Уварово"
2663,39247,66.083963,76.680974,"Россия, ЯНАО, Новый Уренгой"
2027,39270,57.454414,40.572446,"Россия, Костромская область, Нерехта"
2453,39328,54.752110,58.198389,"Россия, Челябинская область, Катав-Ивановск"
2328,39408,61.336580,73.338595,"Россия, ХМАО, Сургут, садовое товарищество № 5, Улица Югра"
2451,39825,56.078684,86.020129,"Россия, Кемеровская область, Анжеро-Судженск"
2135,39962,55.068705,32.689675,"Россия, Смоленская область, Ярцево"
2452,40048,65.839904,44.253140,"Россия, Архангельская область, Мезень"
2660,40208,57.380662,41.280830,"Россия, Ивановская область, Приволжск"
2659,40238,56.650750,32.262041,"Россия, Тверская область, Андреаполь"
2658,40294,52.592920,41.505750,"Россия, Тамбовская область, Котовск"
2026,40297,56.262877,34.329065,"Россия, Тверская область, Ржев"
2449,40430,48.706788,44.563140,"Россия, Волгоградская область, Среднеахтубинский район, Краснослободск"
1985,40520,54.058268,44.949110,"Россия, Республика Мордовия, Рузаевка"
2354,40850,57.153033,65.534328,"Россия, Тюмень"
2430,40913,55.354968,86.087314,"Россия, Кемерово"
2657,40995,55.784729,38.444651,"Россия, Московская область, Электросталь"
2656,40999,62.263872,74.482878,"Россия, ХМАО, Когалым"
2655,41016,58.303426,48.347508,"Россия, Кировская область, Котельнич"
2654,41125,55.871880,36.840682,"Россия, Московская область, Истринский район, садовое товарищество Истра-1"
2653,41132,56.205060,95.705109,"Россия, Красноярский край, Канск"
2652,41181,54.120310,36.500931,"Россия, Тульская область, Суворов"
2448,41183,56.228526,51.061516,"Россия, Кировская область, Вятские Поляны"
2134,41184,56.253352,51.283364,"Россия, Кировская область, Вятскополянский район, Сосновка"
2025,41310,55.171483,59.672605,"Россия, Челябинская область, Златоуст"
2130,41512,56.501173,31.635466,"Россия, Тверская область, Торопец"
2410,41695,43.317776,45.694909,"Россия, Чеченская Республика, Грозный"
2383,42231,50.290658,127.527173,"Россия, Амурская область, Благовещенск"
2129,42484,55.603975,31.197097,"Россия, Смоленская область, Велиж"
2128,42564,63.556478,53.701413,"Россия, Республика Коми, Ухта"
2447,42592,47.040905,142.041622,"Россия, Сахалинская область, Холмск"
2127,42593,56.502783,66.551454,"Россия, Тюменская область, Заводоуковск"
2024,42596,55.833850,32.938805,"Россия, Тверская область, Белый"
2224,42624,54.503114,37.067390,"Россия, Тульская область, Алексин"
2221,42967,50.387629,116.523485,"Россия, Забайкальский край, Борзя"
2220,43331,58.958666,126.287561,"Россия, Республика Саха (Якутия), Алданский район, Томмот"
2219,43363,59.935106,60.079820,"Россия, Свердловская область, Волчанск"
2649,43373,55.484561,37.306764,"Россия, Москва, Троицк"
2218,43455,52.391972,38.919456,"Россия, Липецкая область, Задонск"
2217,43745,57.468492,41.964439,"Россия, Ивановская область, Кинешемский район, Наволоки"
2216,44051,43.148800,45.900991,"Россия, Чеченская Республика, Шали"
2215,44351,54.770552,20.603939,"Россия, Калининградская область, Гурьевск"
2214,44554,56.397774,38.727621,"Россия, Владимирская область, Александров"
2213,44555,56.374930,38.584079,"Россия, Владимирская область, Александровский район, Струнино"
2212,44556,56.313269,38.703438,"Россия, Владимирская область, Александровский район, Карабаново"
2211,44683,58.844892,50.845660,"Россия, Кировская область, Белая Холуница"
2264,44921,56.932531,41.093208,"Россия, Ивановская область, Кохма"
2373,45295,52.286387,104.280660,"Россия, Иркутск"
2210,45356,55.991893,37.214382,"Россия, Москва, Зеленоград"
2209,45953,56.792878,105.775672,"Россия, Иркутская область, Усть-Кут"
2382,46263,54.734773,55.957829,"Россия, Республика Башкортостан, Уфа"
2648,46265,55.899835,53.922040,"Россия, Республика Башкортостан, Агидель"
2208,46426,57.338402,61.894651,"Россия, Свердловская область, Артёмовский"
2263,46495,54.644072,19.892177,"Россия, Калининградская область, Балтийск"
2826,46875,55.154676,124.729200,"Россия, Амурская область, городской округ Тында, Тында"
2262,47139,52.999369,78.645913,"Россия, Алтайский край, Славгород"
2022,47166,64.558186,39.829620,"Россия, Архангельская область, Северодвинск"
2259,47307,50.986969,39.497764,"Россия, Воронежская область, Лиски"
2446,47533,44.660166,45.649966,"Россия, Республика Дагестан, Южно-Сухокумск"
2258,47716,57.005274,61.458114,"Россия, Свердловская область, Асбест"
2021,47752,55.624118,37.844083,"Россия, Московская область, Дзержинский"
2020,47753,54.870621,37.218316,"Россия, Московская область, Протвино"
2445,47757,47.326240,142.793440,"Россия, Сахалинская область, Долинск"
2019,47789,54.913536,37.416763,"Россия, Московская область, Серпухов"
2018,47952,55.599896,38.122336,"Россия, Московская область, город Жуковский"
2257,48077,58.381199,42.347490,"Россия, Костромская область, Галич"
2414,48374,48.472584,135.057732,"Россия, Хабаровск"
2444,48472,58.875802,40.248495,"Россия, Вологодская область, Грязовец"
2017,48614,54.146429,33.283318,"Россия, Смоленская область, Десногорск"
2207,48645,52.483700,39.957899,"Россия, Липецкая область, Грязи"
2443,48866,56.500617,60.818972,"Россия, Свердловская область, Сысерть"
2206,49041,56.065138,85.631024,"Россия, Кемеровская область, Тайга"
2405,49472,63.906890,38.100273,"Россия, Архангельская область, Онега"
2205,49631,55.383055,39.035842,"Россия, Московская область, Егорьевск"
2261,49663,50.400498,36.887871,"Россия, Белгородская область, Шебекино"
2016,49733,56.873338,37.355678,"Россия, Тверская область, Кимры"
2203,49870,54.285935,85.947635,"Россия, Кемеровская область, Гурьевск"
2015,49876,58.048454,38.858433,"Россия, Ярославская область, Рыбинск"
2256,50212,44.887641,40.591364,"Россия, Краснодарский край, Курганинск"
2255,50324,55.715053,51.412883,"Россия, Республика Татарстан, Мамадыш"
2404,50887,48.797909,44.746162,"Россия, Волгоградская область, Волжский"
2254,51103,43.557727,43.857558,"Россия, Кабардино-Балкарская Республика, Урванский район, Нарткала"
2403,51179,44.458432,39.730078,"Россия, Краснодарский край, Апшеронск"
2253,51181,53.941750,37.701915,"Россия, Тульская область, Киреевский район, Липки"
2860,51193,53.221004,50.634394,"Россия, Самарская область, Кинель"
2646,51195,54.959930,20.475354,"Россия, Калининградская область, Зеленоградск"
2356,51202,55.798551,49.106324,"Россия, Республика Татарстан, Казань"
2252,51204,44.597641,132.817559,"Россия, Приморский край, Спасск-Дальний"
2251,51259,62.780526,148.154037,"Россия, Магаданская область, Сусуман"
2250,51281,65.537708,72.518325,"Россия, ЯНАО, Надым"
2249,51437,53.710548,91.687250,"Россия, Красноярский край, Минусинск"
2402,51453,54.387809,20.637051,"Россия, Калининградская область, Багратионовск"
1984,51462,43.773167,41.914313,"Россия, Карачаево-Черкесская Республика, Карачаевск"
1983,51480,43.474125,41.742483,"Россия, Карачаево-Черкесская Республика, Теберда"
2371,51670,54.507014,36.252277,"Россия, Калуга"
2645,51681,54.222727,55.031270,"Россия, Республика Башкортостан, Давлеканово"
2248,51732,58.609451,125.381673,"Россия, Республика Саха (Якутия), Алдан"
2247,51830,52.929130,33.454267,"Россия, Брянская область, Почеп"
2422,52092,46.959179,142.738041,"Россия, Сахалинская область, Южно-Сахалинск"
1982,52432,55.758281,37.861968,"Россия, Московская область, Реутов"
2063,52593,55.314146,89.833352,"Россия, Красноярский край, Ужур"
2401,52676,59.772605,30.798766,"Россия, Ленинградская область, Кировский район, Отрадненское городское поселение, Отрадное"
2062,52682,56.151362,101.634080,"Россия, Иркутская область, Братск"
2061,52801,52.752816,32.233861,"Россия, Брянская область, Клинцы"
2202,52870,57.145739,33.111632,"Россия, Тверская область, Осташков"
2201,53030,57.027394,40.377610,"Россия, Ивановская область, Комсомольск"
2372,53113,54.707390,20.507307,"Россия, Калининград"
2200,53228,45.129648,42.028785,"Россия, Ставропольский край, Шпаковский район, Михайловск"
2198,53571,44.132038,43.030551,"Россия, Ставропольский край, Железноводск"
2377,53608,42.983060,47.504682,"Россия, Республика Дагестан, Махачкала"
2400,53753,47.762214,142.061627,"Россия, Сахалинская область, Томари"
2408,53930,64.731434,177.501522,"Россия, Чукотский автономный округ, Анадырь"
2244,53997,55.957686,92.380103,"Россия, Красноярский край, Дивногорск"
1981,54217,56.247021,42.158862,"Россия, Владимирская область, Вязники"
1980,54252,56.202146,42.692614,"Россия, Владимирская область, Гороховец"
2399,54344,65.994144,57.557010,"Россия, Республика Коми, Усинск"
1979,54420,42.824037,132.892811,"Россия, Приморский край, Находка"
2359,54467,56.838607,60.605514,"Россия, Свердловская область, Екатеринбург"
1978,54979,44.554018,135.566179,"Россия, Приморский край, Дальнегорск"
2397,55305,57.847621,61.669506,"Россия, Свердловская область, Алапаевск"
2243,56156,58.448619,92.165163,"Россия, Красноярский край, Енисейск"
2242,56833,43.175598,44.295621,"Россия, Республика Северная Осетия — Алания, Ардон"
2197,56879,44.754471,44.986578,"Россия, Ставропольский край, Нефтекумск"
2241,57018,55.631280,51.814385,"Россия, Республика Татарстан, Нижнекамск"
2240,57246,49.018898,131.053914,"Россия, Еврейская автономная область, Облучье"
2239,57256,55.993837,40.017943,"Россия, Владимирская область, Собинка"
2238,57535,50.860145,39.082347,"Россия, Воронежская область, Острогожск"
1977,57695,61.309276,47.123401,"Россия, Архангельская область, Коряжма"
2370,57890,61.789036,34.359688,"Россия, Республика Карелия, Петрозаводск"
2644,57925,58.658383,37.259091,"Россия, Тверская область, Весьегонск"
2237,58258,56.907593,62.035785,"Россия, Свердловская область, Сухой Лог"
2236,58268,53.454621,56.043923,"Россия, Республика Башкортостан, Ишимбай"
2643,58392,54.428117,50.804958,"Россия, Республика Татарстан, Нурлат"
2196,58427,58.311384,82.902679,"Россия, Томская область, Колпашево"
2014,59282,54.576203,33.179338,"Россия, Смоленская область, Ельня"
2235,59311,48.586586,45.736851,"Россия, Астраханская область, Знаменск"
2642,59407,58.043420,65.274283,"Россия, Свердловская область, Тавда"
2369,59591,58.556046,50.031661,"Россия, Кировская область, Кирово-Чепецк"
2195,60384,53.142810,38.116173,"Россия, Тульская область, Ефремов"
2234,60545,47.409315,47.252058,"Россия, Астраханская область, Харабали"
2013,60712,56.736093,38.854310,"Россия, Ярославская область, Переславль-Залесский"
2396,60747,55.960876,97.820453,"Россия, Иркутская область, Тайшетский район, Бирюсинск"
2233,60829,55.865010,47.472980,"Россия, Чувашская Республика, Цивильск"
2232,60975,45.464113,39.459002,"Россия, Краснодарский край, Кореновск"
2012,61091,43.291711,45.872371,"Россия, Чеченская Республика, Аргун"
2231,61625,55.949879,40.856295,"Россия, Владимирская область, Судогда"
2194,61736,67.458183,153.707009,"Россия, Республика Саха (Якутия), Среднеколымск"
2060,61943,45.031929,35.382429,"Россия, Республика Крым, Феодосия"
2230,61957,44.751386,33.875119,"Россия, Республика Крым, Бахчисарай"
2059,61973,61.036589,30.119748,"Россия, Ленинградская область, Приозерск"
2395,62056,56.176143,34.582560,"Россия, Тверская область, Зубцов"
2229,62063,44.403288,43.884148,"Россия, Ставропольский край, Советский район, Зеленокумск"
2394,62162,44.761141,39.871140,"Россия, Краснодарский край, Белореченск"
2058,62221,55.916633,39.173374,"Россия, Владимирская область, Петушинский район, Покров"
2057,62222,56.161694,38.872025,"Россия, Владимирская область, Киржач"
2056,62239,55.930967,39.459900,"Россия, Владимирская область, Петушки"
2361,62287,43.116418,131.882475,"Россия, Приморский край, Владивосток"
2193,62417,67.550161,133.390702,"Россия, Республика Саха (Якутия), Верхоянск"
2393,62530,56.414897,61.918905,"Россия, Свердловская область, Каменск-Уральский"
2392,62650,56.209896,89.530009,"Россия, Красноярский край, Боготол"
1976,62657,53.407211,58.979186,"Россия, Челябинская область, Магнитогорск"
2391,62673,56.332112,36.728007,"Россия, Московская область, Клин"
1975,62679,53.876143,59.216953,"Россия, Челябинская область, Верхнеуральск"
2100,62727,57.247235,60.095604,"Россия, Свердловская область, Новоуральск"
1974,62865,55.746436,38.009049,"Россия, Московская область, Балашиха, Железнодорожный"
2228,62932,53.412058,83.931052,"Россия, Алтайский край, Новоалтайск"
2227,63144,59.503767,40.344040,"Россия, Вологодская область, Сокольский район, Кадников"
1973,63228,55.191156,32.407703,"Россия, Смоленская область, Духовщина"
1972,63456,55.996052,40.332281,"Россия, Владимирская область, Радужный"
2270,63730,55.831812,37.329429,"Россия, Московская область, Красногорск"
2098,63940,48.682126,43.538189,"Россия, Волгоградская область, Калач-на-Дону"
2226,63960,50.138012,45.209046,"Россия, Волгоградская область, Камышинский район, Петроввальское городское поселение, Петров Вал"
2096,64131,56.908099,59.942935,"Россия, Свердловская область, Первоуральск"
2367,64359,45.040216,38.975996,"Россия, Краснодар"
2065,64447,45.216717,39.694576,"Россия, Краснодарский край, Усть-Лабинск"
2090,64629,55.506714,36.017358,"Россия, Московская область, Можайск"
2269,64633,56.776473,62.046331,"Россия, Свердловская область, Богданович"
2064,64945,59.389227,35.937759,"Россия, Вологодская область, Бабаево"
2638,64946,55.940513,98.003044,"Россия, Иркутская область, Тайшет"
1971,64971,56.732509,37.167193,"Россия, Московская область, Дубна"
2089,65101,60.374760,120.406318,"Россия, Республика Саха (Якутия), Олёкминск"
1970,65216,43.305575,44.909413,"Россия, Республика Ингушетия, Карабулак"
1969,65261,52.258608,43.788145,"Россия, Саратовская область, Ртищево"
2268,65428,44.635387,40.724459,"Россия, Краснодарский край, Лабинск"
2267,65440,46.713180,142.526604,"Россия, Сахалинская область, Анива"
2266,65527,56.111936,47.714214,"Россия, Чувашская Республика, Мариинский Посад"
1968,65572,51.876190,36.912000,"Россия, Курская область, Щигры"
2088,65588,60.129632,64.803944,"Россия, ХМАО, Урай"
2087,65591,61.253701,75.180725,"Россия, ХМАО, Лангепас"
2637,65693,58.862216,60.810213,"Россия, Свердловская область, Верхотурье"
2636,65761,58.046644,60.555999,"Россия, Свердловская область, Верхняя Салда"
2635,66417,54.103457,54.111243,"Россия, Республика Башкортостан, Белебей"
1967,66689,52.114763,47.202345,"Россия, Саратовская область, Шиханы"
2437,67085,59.220492,39.891568,"Россия, Вологда"
2374,67145,57.000348,40.973921,"Россия, Иваново"
2634,67151,57.943039,102.741523,"Россия, Иркутская область, Усть-Илимск"
2633,67246,53.955591,48.807230,"Россия, Ульяновская область, Сенгилей"
2632,67283,56.495777,60.236540,"Россия, Свердловская область, Полевской"
2086,67313,57.561944,79.567854,"Россия, Томская область, город Кедровый"
2631,67354,56.461621,53.803678,"Россия, Удмуртская Республика, Сарапул"
2630,67605,56.266057,54.193358,"Россия, Удмуртская Республика, Камбарка"
2416,67648,56.852775,53.211463,"Россия, Удмуртская Республика, Ижевск"
2629,67678,44.044519,42.858883,"Россия, Ставропольский край, Ессентуки"
2628,67769,55.070912,57.548458,"Россия, Челябинская область, Ашинский район, Миньяр"
2627,68119,56.499250,39.680814,"Россия, Владимирская область, Юрьев-Польский"
2825,68504,59.127406,37.906920,"Россия, Вологодская область, Череповец"
2225,68644,56.584809,104.114274,"Россия, Иркутская область, Железногорск-Илимский"
2626,68656,54.974917,49.030354,"Россия, Республика Татарстан, Спасский район, Болгар"
2055,68701,50.921287,128.473881,"Россия, Амурская область, Белогорск"
2625,69320,50.813011,37.189678,"Россия, Белгородская область, Короча"
2624,69771,57.683819,63.057664,"Россия, Свердловская область, Ирбит"
2285,69890,56.436990,59.113808,"Россия, Свердловская область, Нижнесергинский район, Михайловск"
2824,70146,55.497934,46.417846,"Россия, Чувашская Республика, Шумерля"
2316,70187,51.711352,105.867364,"Россия, Республика Бурятия, Кабанский район, город Бабушкин"
2317,70196,54.968784,35.857701,"Россия, Калужская область, Медынь"
2623,70598,61.088212,72.616331,"Россия, ХМАО, Нефтеюганск"
2054,70695,55.211075,62.750961,"Россия, Курганская область, Щучье"
2622,70699,45.269866,37.385169,"Россия, Краснодарский край, Темрюк"
2409,70713,56.138654,47.239894,"Россия, Чувашская Республика, Чебоксары"
2621,70736,60.153281,59.952556,"Россия, Свердловская область, Североуральск"
2407,71014,66.530715,66.613851,"Россия, ЯНАО, Салехард"
2823,71020,51.938814,43.499849,"Россия, Саратовская область, Аркадак"
2620,71021,56.990797,86.176508,"Россия, Томская область, Асино"
2619,71389,54.936579,48.831422,"Россия, Республика Татарстан, Тетюши"
2822,71477,54.006025,86.636706,"Россия, Кемеровская область, Киселёвск"
2618,71517,58.039442,63.698144,"Россия, Свердловская область, Туринск"
2821,71902,58.057084,37.112531,"Россия, Тверская область, Красный Холм"
2284,72164,61.370744,63.566784,"Россия, ХМАО, Советский"
2475,72218,51.830941,40.807346,"Россия, Воронежская область, Эртиль"
2820,72435,60.626235,28.564028,"Россия, Ленинградская область, Выборгский район, Высоцк"
2115,72728,58.669803,52.189423,"Россия, Кировская область, Омутнинск"
2819,72737,59.395678,48.966097,"Россия, Кировская область, Мураши"
2518,72834,55.112005,36.586531,"Россия, Калужская область, Обнинск"
2053,72944,59.733024,30.087813,"Россия, Санкт-Петербург, Красное Село"
2617,73396,57.852118,114.198968,"Россия, Иркутская область, Бодайбо"
2616,73695,60.030843,37.789016,"Россия, Вологодская область, Белозерск"
2818,73817,59.720340,30.404469,"Россия, Санкт-Петербург, Пушкинский район, Пушкин"
2517,73906,54.569293,20.169110,"Россия, Калининградская область, Ладушкин"
2615,74132,64.911819,77.761055,"Россия, ЯНАО, Пуровский район, Тарко-Сале"
2052,74201,57.303309,39.849086,"Россия, Ярославская область, Гаврилов-Ям"
2817,74292,58.311753,44.775905,"Россия, Костромская область, Мантурово"
2614,74328,55.031644,36.746503,"Россия, Калужская область, Жуков"
2816,74457,59.078580,42.287815,"Россия, Костромская область, Солигалич"
2815,74497,55.877935,38.780621,"Россия, Московская область, Электрогорск"
2814,74515,43.681913,43.534982,"Россия, Кабардино-Балкарская Республика, Баксан"
2315,74538,55.905442,94.902177,"Россия, Красноярский край, Бородино"
2314,74555,54.729070,20.004206,"Россия, Калининградская область, Приморск"
2051,74610,51.023605,45.695044,"Россия, Саратовская область, Красноармейск"
2613,74686,57.217138,41.918149,"Россия, Ивановская область, Вичуга"
2612,74842,50.529658,42.666670,"Россия, Волгоградская область, Новоаннинский"
2813,74965,53.712530,87.805639,"Россия, Кемеровская область, Мыски"
2313,74982,52.427384,31.737075,"Россия, Брянская область, Злынковское городское поселение, Злынка"
2312,75014,50.997899,81.464278,"Россия, Алтайский край, Локтевский район, Горняк"
2812,75098,56.442802,52.213839,"Россия, Удмуртская Республика, Можга"
2050,75104,59.904234,29.092246,"Россия, Ленинградская область, Сосновый Бор"
2811,75161,54.144767,48.391139,"Россия, Ульяновская область, Новоульяновск"
2810,75212,50.549923,137.007948,"Россия, Хабаровский край, Комсомольск-на-Амуре"
2049,75213,46.818592,134.255034,"Россия, Хабаровский край, Бикин"
2048,75214,50.234524,136.879148,"Россия, Хабаровский край, Амурск"
2611,75339,55.298984,52.006391,"Россия, Республика Татарстан, Заинск"
2516,75515,53.709636,37.286274,"Россия, Тульская область, Плавск"
2610,76460,53.967685,58.410032,"Россия, Республика Башкортостан, Белорецк"
2609,76625,46.110571,48.073235,"Россия, Астраханская область, Камызяк"
2608,76883,52.843114,32.677934,"Россия, Брянская область, Унеча"
2283,76886,57.429915,60.062456,"Россия, Свердловская область, Кировград"
2047,76932,60.912784,34.156813,"Россия, Ленинградская область, Подпорожье"
2507,76951,50.486223,35.666351,"Россия, Белгородская область, Грайворон"
2471,77325,54.000193,90.259513,"Россия, Республика Хакасия, Сорск"
2607,77498,51.959486,116.585325,"Россия, Забайкальский край, Нерчинск"
2469,77564,53.920720,102.049146,"Россия, Иркутская область, Зима"
2311,77846,54.097385,35.344403,"Россия, Калужская область, Сухиничи"
2809,77950,59.540664,30.877719,"Россия, Ленинградская область, Тосно"
2505,78041,56.113256,94.588898,"Россия, Красноярский край, Зеленогорск"
2084,78999,53.053681,60.647753,"Россия, Челябинская область, Карталы"
2808,79060,43.585525,39.723062,"Россия, Краснодарский край, Сочи"
2082,79085,57.460578,41.512254,"Россия, Ивановская область, Приволжский район, Плёс"
2310,79143,52.958964,55.928310,"Россия, Республика Башкортостан, Мелеуз"
2309,79300,50.025872,45.459083,"Россия, Волгоградская область, Николаевск"
2360,79512,62.028098,129.732555,"Россия, Республика Саха (Якутия), Якутск"
2308,80466,61.703306,30.691723,"Россия, Республика Карелия, Сортавала"
2368,80586,61.668673,50.835716,"Россия, Республика Коми, Сыктывкар"
2307,80878,42.821359,47.116439,"Россия, Республика Дагестан, Буйнакск"
2463,80889,43.848465,46.723282,"Россия, Республика Дагестан, Кизляр"
2807,81589,69.349039,88.201014,"Россия, Красноярский край, Норильск"
2462,81677,56.293901,39.376042,"Россия, Владимирская область, Кольчугино"
2376,81704,48.794662,132.921736,"Россия, Еврейская автономная область, Биробиджан"
2461,81908,56.612370,57.763631,"Россия, Свердловская область, Красноуфимск"
2806,81948,43.350116,132.159633,"Россия, Приморский край, Артём"
2460,81985,49.768892,43.648223,"Россия, Волгоградская область, Фролово"
2805,82051,53.653468,47.118029,"Россия, Ульяновская область, Барыш"
2364,82160,59.568164,150.808541,"Россия, Магадан"
2459,82297,55.040492,59.028881,"Россия, Челябинская область, Сатка"
2458,82319,52.210209,104.097395,"Россия, Иркутская область, Шелехов"
2282,82320,51.523078,104.148662,"Россия, Иркутская область, Слюдянский район, Байкальск"
2804,82690,43.168773,44.813087,"Россия, Республика Ингушетия, Магас"
2803,82888,51.485489,46.126783,"Россия, Саратовская область, Энгельс"
2101,82922,57.490639,60.216203,"Россия, Свердловская область, Невьянск"
2606,83531,54.846560,46.241183,"Россия, Республика Мордовия, Ардатов"
2605,84507,57.185866,39.414526,"Россия, Ярославская область, Ростов"
2046,84619,54.605443,86.280901,"Россия, Кемеровская область, Полысаево"
2802,84620,54.663609,86.162243,"Россия, Кемеровская область, Ленинск-Кузнецкий"
2306,85218,64.589056,30.601676,"Россия, Республика Карелия, Костомукша"
2305,85363,51.274895,108.846779,"Россия, Забайкальский край, Петровск-Забайкальский"
2304,85380,59.473572,33.847675,"Россия, Ленинградская область, Бокситогорск"
2801,85456,44.083895,41.971042,"Россия, Карачаево-Черкесская Республика, Усть-Джегута"
2045,85570,51.686992,35.279994,"Россия, Курская область, Льгов"
2800,85637,55.970000,37.917574,"Россия, Московская область, Ивантеевка"
2799,85662,55.577856,37.903470,"Россия, Московская область, Лыткарино"
2303,85831,54.443152,21.008612,"Россия, Калининградская область, Правдинск"
2482,85873,60.732862,77.604002,"Россия, Томская область, Стрежевой"
2302,86163,51.095257,41.617375,"Россия, Воронежская область, Новохопёрск"
2301,86312,48.693682,45.199228,"Россия, Волгоградская область, Ленинск"
2438,86352,56.129042,40.407030,"Россия, Владимир"
2798,86415,43.351880,46.103535,"Россия, Чеченская Республика, Гудермес"
2797,86446,58.753380,42.688400,"Россия, Костромская область, Чухлома"
2796,86643,46.087461,41.935451,"Россия, Республика Калмыкия, Городовиковск"
2300,86669,43.156732,44.155035,"Россия, Республика Северная Осетия — Алания, Дигора"
2481,86831,51.209950,36.267440,"Россия, Курская область, Обоянь"
2604,86882,45.493304,41.215388,"Россия, Ставропольский край, Новоалександровск"
2795,86931,49.220380,143.089560,"Россия, Сахалинская область, Поронайск"
2044,86960,44.634425,39.135563,"Россия, Краснодарский край, Горячий Ключ"
2043,86967,55.713557,84.933869,"Россия, Кемеровская область, Юрга"
2423,87426,51.533103,46.034158,"Россия, Саратов"
2428,87666,56.010569,92.852545,"Россия, Красноярск"
2480,87873,43.628248,44.051747,"Россия, Кабардино-Балкарская Республика, Майский"
2479,87986,54.942144,22.490590,"Россия, Калининградская область, Краснознаменск"
2794,88121,57.880803,43.801449,"Россия, Костромская область, Макарьев"
2603,88125,43.203815,46.872870,"Россия, Республика Дагестан, Кизилюрт"
2793,88274,60.196986,29.705876,"Россия, Санкт-Петербург, Зеленогорск"
2478,88308,49.935298,40.559151,"Россия, Воронежская область, Богучар"
2299,88688,51.501235,81.207774,"Россия, Алтайский край, Рубцовск"
2792,88984,53.757547,87.136044,"Россия, Кемеровская область, Новокузнецк"
2791,89364,58.294389,43.878192,"Россия, Костромская область, Нея"
2298,89459,53.809929,36.130133,"Россия, Тульская область, Белёв"
2297,89539,55.276508,85.615223,"Россия, Кемеровская область, Топки"
2296,89597,55.043819,21.680067,"Россия, Калининградская область, Славское городское поселение, Славск"
2295,89610,53.947309,32.856780,"Россия, Смоленская область, Рославль"
2602,89720,45.434686,40.575994,"Россия, Краснодарский край, Кавказский район, Кропоткин"
2281,89801,50.951257,46.968118,"Россия, Саратовская область, Красный Кут"
2601,89937,51.284472,91.578913,"Россия, Республика Тыва, Дзун-Хемчикский район, Чадан"
2600,90185,42.891586,47.636671,"Россия, Республика Дагестан, Каспийск"
2599,90449,64.537827,34.779911,"Россия, Республика Карелия, Беломорск"
2280,90543,51.309213,39.216277,"Россия, Воронежская область, Нововоронеж"
2598,90557,52.148420,34.491812,"Россия, Брянская область, Севск"
2441,90910,53.348053,83.779875,"Россия, Алтайский край, Барнаул"
2431,91362,44.226863,42.046770,"Россия, Карачаево-Черкесская Республика, Черкесск"
2597,91371,45.618600,38.945579,"Россия, Краснодарский край, Тимашевск"
2042,91373,55.539064,89.180151,"Россия, Красноярский край, Шарыпово"
2596,91435,59.859059,38.374933,"Россия, Вологодская область, Кириллов"
2790,92044,54.947222,31.091977,"Россия, Смоленская область, Рудня"
2595,92091,55.081029,21.888647,"Россия, Калининградская область, Советск"
2789,92220,56.110535,69.479630,"Россия, Тюменская область, Ишим"
2279,92363,53.535278,33.727741,"Россия, Брянская область, Жуковка"
2594,92375,59.973487,42.758873,"Россия, Вологодская область, Тотьма"
2593,92483,43.246265,46.590044,"Россия, Республика Дагестан, Хасавюрт"
2592,92550,48.292228,46.176837,"Россия, Астраханская область, Ахтубинск"
2411,92714,55.160283,61.400856,"Россия, Челябинск"
2591,92827,53.870049,34.438533,"Россия, Калужская область, Людиново"
2590,92933,44.894997,37.316259,"Россия, Краснодарский край, Анапа"
2278,92936,63.282823,118.324239,"Россия, Республика Саха (Якутия), Нюрба"
2589,93062,64.954360,34.594948,"Россия, Республика Карелия, Кемь"
2277,93528,55.555072,98.664357,"Россия, Иркутская область, Нижнеудинский район, Алзамай"
2276,93644,50.192864,39.576502,"Россия, Воронежская область, Россошь"
2275,93649,54.944006,20.151512,"Россия, Калининградская область, Светлогорск"
2788,93782,58.187861,40.174815,"Россия, Ярославская область, Данилов"
2294,93783,58.361966,40.686882,"Россия, Ярославская область, Любим"
2787,93786,57.868814,39.530714,"Россия, Ярославская область, Тутаев"
2293,93824,54.630967,43.216089,"Россия, Республика Мордовия, Темников"
2786,93838,56.120959,38.140940,"Россия, Московская область, Красноармейск"
2588,93954,53.852754,46.354245,"Россия, Ульяновская область, Инза"
2785,94206,54.239989,57.961225,"Россия, Республика Башкортостан, Межгорье"
2292,94590,55.205944,34.298037,"Россия, Смоленская область, Вязьма"
2587,94785,67.497410,64.061091,"Россия, Республика Коми, Воркута"
2586,94853,54.347336,93.435749,"Россия, Красноярский край, Курагинский район, Артёмовск"
2784,95383,52.756539,55.796958,"Россия, Республика Башкортостан, Кумертау"
2182,95390,55.859842,37.120633,"Россия, Московская область, Истринский район, Дедовск"
2181,95450,42.565141,47.871078,"Россия, Республика Дагестан, Избербаш"
2783,95558,53.967870,38.337222,"Россия, Тульская область, Донской"
2180,95729,54.886342,37.116968,"Россия, Калужская область, Жуковский район, Кремёнки"
2782,96023,60.629099,47.261229,"Россия, Кировская область, Луза"
2781,96420,54.913753,33.302362,"Россия, Смоленская область, Дорогобуж"
2433,96441,46.308309,44.270181,"Россия, Республика Калмыкия, Элиста"
2176,96626,61.518883,30.199536,"Россия, Республика Карелия, Лахденпохья"
2175,96809,52.536717,31.933222,"Россия, Брянская область, Новозыбков"
2174,97021,55.215477,67.245160,"Россия, Курганская область, Макушино"
2780,97101,56.558641,40.122866,"Россия, Ивановская область, Гаврилов Посад"
2291,97145,45.029132,35.090081,"Россия, Республика Крым, Кировский район, Старый Крым"
2290,97646,46.051547,38.170432,"Россия, Краснодарский край, Приморско-Ахтарск"
2779,97722,56.085209,60.732536,"Россия, Челябинская область, Снежинск"
2585,98260,50.083698,45.407349,"Россия, Волгоградская область, Камышин"
2274,98263,50.070928,43.240083,"Россия, Волгоградская область, Михайловка"
2289,98625,59.621609,30.393483,"Россия, Ленинградская область, Гатчинский район, Коммунарское городское поселение, Коммунар"
2584,98858,52.579077,33.766073,"Россия, Брянская область, Трубчевск"
2288,99072,60.961154,46.478429,"Россия, Вологодская область, Великоустюгский район, Красавино"
2778,99115,55.338597,59.438603,"Россия, Челябинская область, Куса"
2041,99118,55.485183,60.235974,"Россия, Челябинская область, Карабаш"
2777,99125,55.706061,60.556314,"Россия, Челябинская область, Кыштым"
2583,99153,51.582284,116.637948,"Россия, Забайкальский край, Балей"
2582,99304,50.648389,38.400553,"Россия, Белгородская область, Красногвардейский район, Бирюч"
2776,99431,52.797221,51.163799,"Россия, Самарская область, Нефтегорск"
2775,99449,56.271296,54.933129,"Россия, Республика Башкортостан, Янаул"
2774,99725,56.419836,40.449457,"Россия, Владимирская область, Суздаль"
2773,99833,56.209250,87.735094,"Россия, Кемеровская область, Мариинск"
2040,99877,52.337949,35.351725,"Россия, Курская область, Железногорск"
2039,99901,56.810295,61.338090,"Россия, Свердловская область, Заречный"
2772,99968,53.969771,38.538058,"Россия, Тульская область, Кимовск"
2771,99977,55.910503,37.736330,"Россия, Московская область, Мытищи"
2581,99995,54.354284,38.264314,"Россия, Тульская область, город Венёв"
2170,100406,55.719972,53.101429,"Россия, Республика Татарстан, Мензелинск"
2140,100750,54.951720,20.227752,"Россия, Калининградская область, Пионерский"
2011,100773,58.634951,59.798091,"Россия, Свердловская область, Лесной"
2010,100774,56.798724,59.907083,"Россия, Свердловская область, Ревда"
2009,100781,56.704877,60.079182,"Россия, Свердловская область, Дегтярск"
2008,101001,57.589051,34.560336,"Россия, Тверская область, Вышний Волочёк"
2861,101010,44.850526,34.976157,"Россия, Республика Крым, Судак"
2007,101083,57.376373,59.951667,"Россия, Свердловская область, Верхний Тагил"
2273,101214,56.654506,59.295232,"Россия, Свердловская область, Нижние Серги"
2006,101227,52.930329,158.405710,"Россия, Камчатский край, Вилючинск"
2862,101289,57.788256,38.454362,"Россия, Ярославская область, Мышкин"
2005,101405,59.704306,30.787448,"Россия, Ленинградская область, Тосненский район, Никольское городское поселение, Никольское"
2580,101626,57.358381,37.613440,"Россия, Тверская область, Кашин"
2863,101696,56.262053,62.938754,"Россия, Курганская область, Далматово"
2579,101947,54.901383,52.297113,"Россия, Республика Татарстан, Альметьевск"
2578,102150,54.654334,21.070228,"Россия, Калининградская область, Гвардейск"
2406,102274,57.626549,39.893885,"Россия, Ярославль"
2577,102354,55.011897,36.462555,"Россия, Калужская область, Малоярославец"
2287,102355,55.089516,36.657812,"Россия, Калужская область, Жуковский район, Белоусово"
2576,103019,45.428886,35.825065,"Россия, Республика Крым, Ленинский район, Щёлкино"
2575,103399,59.450577,32.015346,"Россия, Ленинградская область, Кириши"
2864,103495,51.191907,35.272008,"Россия, Курская область, Суджа"
2865,103529,55.957938,38.052339,"Россия, Московская область, Фрязино"
2866,103640,55.830811,34.277834,"Россия, Смоленская область, Сычёвка"
2867,103738,45.709572,34.391650,"Россия, Республика Крым, Джанкой"
2574,103863,55.886897,60.742256,"Россия, Челябинская область, Касли"
2272,103991,50.346552,106.453424,"Россия, Республика Бурятия, город Кяхта"
2004,104090,54.422114,86.303692,"Россия, Кемеровская область, Белово"
2150,104172,54.489534,34.977846,"Россия, Калужская область, Мосальск"
2286,104173,54.079044,34.307667,"Россия, Калужская область, Киров"
2149,104194,61.252970,46.633217,"Россия, Архангельская область, Котлас"
2573,104280,57.371700,61.383303,"Россия, Свердловская область, Реж"
2003,104357,51.762413,128.122002,"Россия, Амурская область, посёлок городского типа Углегорск"
2271,104380,54.036044,35.781721,"Россия, Калужская область, Козельск"
2572,104385,62.078714,32.349977,"Россия, Республика Карелия, Суоярви"
2571,104401,54.591841,22.201117,"Россия, Калининградская область, Гусев"
2868,104419,55.933701,39.624732,"Россия, Владимирская область, Петушинский район, Костерёво"
2570,104444,50.829900,40.596637,"Россия, Воронежская область, Бутурлиновка"
2869,104527,46.711524,38.276451,"Россия, Краснодарский край, Ейск"
2870,104565,60.092406,29.955994,"Россия, Санкт-Петербург, Сестрорецк"
2327,104735,56.603205,84.880931,"Россия, Томская область, город Северск"
2420,104752,52.721246,41.452238,"Россия, Тамбов"
2351,105070,50.211194,38.099914,"Россия, Белгородская область, Валуйки"
2871,105075,44.412303,39.531981,"Россия, Краснодарский край, Апшеронский район, Хадыженск"
2872,105097,45.225174,147.883761,"Россия, Сахалинская область, Курильск"
2873,105285,45.477955,133.418594,"Россия, Приморский край, Лесозаводск"
2874,105301,59.686039,30.430574,"Россия, Санкт-Петербург, Пушкинский район, Павловск"
2002,105307,58.135907,52.663446,"Россия, Удмуртская Республика, Глазов"
2875,105314,53.649823,52.123505,"Россия, Самарская область, Похвистнево"
2569,105387,59.374028,28.611297,"Россия, Ленинградская область, Кингисепп"
2424,105407,67.638067,53.006872,"Россия, НАО, Нарьян-Мар"
2876,105520,57.442544,42.168923,"Россия, Ивановская область, Кинешма"
2568,106053,61.006376,36.449484,"Россия, Вологодская область, Вытегра"
2877,106175,56.053673,59.609678,"Россия, Челябинская область, Нязепетровск"
2001,106176,56.048721,60.231950,"Россия, Челябинская область, Верхний Уфалей"
2148,106256,54.912459,64.433505,"Россия, Курганская область, Куртамыш"
2567,106289,55.049854,55.955224,"Россия, Республика Башкортостан, Благовещенск"
2566,106492,43.567147,43.586590,"Россия, Кабардино-Балкарская Республика, Чегем"
2565,106704,54.723637,37.167121,"Россия, Калужская область, Таруса"
2878,106764,44.095232,39.073364,"Россия, Краснодарский край, Туапсе"
2350,106792,58.826929,44.318762,"Россия, Костромская область, Кологрив"
2349,106946,56.982087,43.168406,"Россия, Ивановская область, Пучеж"
2879,107357,52.891305,40.510453,"Россия, Тамбовская область, Мичуринск"
2880,107360,51.178493,90.598474,"Россия, Республика Тыва, Ак-Довурак"
2326,107495,63.712111,66.677263,"Россия, ХМАО, Белоярский"
2858,107754,63.201789,75.450965,"Россия, ЯНАО, Ноябрьск"
2564,108197,56.237467,96.067310,"Россия, Красноярский край, Иланский"
2000,108208,43.127966,133.126543,"Россия, Приморский край, Партизанск"
2857,108297,55.511093,37.567617,"Россия, Москва, Щербинка"
2856,108443,55.102792,38.753088,"Россия, Московская область, Коломна"
2855,108712,45.001116,41.132429,"Россия, Краснодарский край, Армавир"
2563,109023,66.407193,112.306083,"Россия, Республика Саха (Якутия), Мирнинский район, Удачный"
2146,109202,61.484240,129.148219,"Россия, Республика Саха (Якутия), Хангаласский район, Покровск"
2854,110022,50.894524,142.159382,"Россия, Сахалинская область, Александровск-Сахалинский"
2853,110136,53.443611,41.811627,"Россия, Тамбовская область, Моршанск"
2852,110391,55.871370,38.200606,"Россия, Московская область, Лосино-Петровский"
1999,110539,55.228100,63.290210,"Россия, Курганская область, Шумиха"
2851,110639,46.633754,142.780297,"Россия, Сахалинская область, Корсаков"
2850,110803,45.953712,33.792133,"Россия, Республика Крым, Красноперекопск"
2849,110804,44.495273,34.166353,"Россия, Республика Крым, Ялта"
2848,111066,57.026448,34.167548,"Россия, Тверская область, Кувшиново"
1998,111103,56.223316,32.776677,"Россия, Тверская область, Нелидово"
2847,111158,55.551818,37.706254,"Россия, Московская область, Ленинский район, Видное"
2138,111970,62.134265,77.458439,"Россия, ХМАО, Радужный"
2662,112457,61.639190,72.179319,"Россия, ХМАО, Сургутский район, Лянтор"
2846,112478,54.817842,58.446423,"Россия, Челябинская область, Трёхгорный"
2845,112740,54.926068,58.152898,"Россия, Челябинская область, Усть-Катав"
2562,112839,50.372648,103.286737,"Россия, Республика Бурятия, Закаменск"
2561,113255,58.603351,99.179810,"Россия, Красноярский край, Кежемский район, Кодинск"
2844,113303,54.369230,60.815154,"Россия, Челябинская область, Пласт"
2843,113307,54.978105,60.370057,"Россия, Челябинская область, Чебаркуль"
1997,113308,55.116753,61.617988,"Россия, Челябинская область, Копейск"
2136,113351,53.240555,39.966990,"Россия, Липецкая область, Чаплыгин"
2325,113548,60.727698,114.954865,"Россия, Республика Саха (Якутия), Ленск"
2560,113551,55.177396,36.656770,"Россия, Калужская область, Боровский район, Балабаново"
2559,113877,54.010993,38.290896,"Россия, Тульская область, Новомосковск"
2558,114103,62.596433,50.873238,"Россия, Республика Коми, Княжпогостский район, Емва"
2661,114250,54.807430,35.926647,"Россия, Калужская область, Дзержинский район, Кондрово"
2557,114312,45.718218,42.897034,"Россия, Ставропольский край, Ипатово"
2842,114614,56.290764,62.580056,"Россия, Курганская область, Катайск"
2841,114653,53.978737,38.160757,"Россия, Тульская область, Узловая"
2840,114691,55.436402,37.766567,"Россия, Московская область, Домодедово"
1996,114967,58.731531,50.183063,"Россия, Кировская область, Слободской"
2556,114969,57.304131,47.847919,"Россия, Кировская область, Яранск"
1995,114972,59.339987,52.241516,"Россия, Кировская область, Кирс"
2353,115058,55.441606,65.344316,"Россия, Курган"
2839,115254,57.439483,41.157474,"Россия, Костромская область, Волгореченск"
2222,115282,54.677370,20.135719,"Россия, Калининградская область, город Светлый"
2838,115474,57.252654,41.106189,"Россия, Ивановская область, Фурмановский район, город Фурманов"
2555,115940,63.743701,34.312617,"Россия, Республика Карелия, Сегежа"
2554,116085,53.770093,38.122551,"Россия, Тульская область, Богородицк"
2837,116437,54.793028,38.266201,"Россия, Московская область, Кашира, микрорайон Ожерелье"
1994,116448,57.584241,48.958938,"Россия, Кировская область, Советск"
1993,116450,58.364346,59.826603,"Россия, Свердловская область, Верхняя Тура"
2553,116489,59.565155,30.128165,"Россия, Ленинградская область, Гатчина"
1992,116572,50.629961,38.688095,"Россия, Белгородская область, Алексеевка"
2324,116573,54.110810,102.180219,"Россия, Иркутская область, Саянск"
2836,116830,59.992884,29.777472,"Россия, Санкт-Петербург, Кронштадт"
2835,116919,57.910144,59.981320,"Россия, Свердловская область, Нижний Тагил"
2834,117078,53.100762,91.412195,"Россия, Республика Хакасия, городской округ Саяногорск, город Саяногорск"
2099,117208,55.635630,109.336226,"Россия, Республика Бурятия, Северобайкальск"
1991,117466,55.106855,33.240118,"Россия, Смоленская область, Сафоново"
1990,117514,59.875330,30.981457,"Россия, Ленинградская область, Кировск"
2833,117525,44.039770,43.070804,"Россия, Ставропольский край, Пятигорск"
2348,117799,62.357954,50.071950,"Россия, Республика Коми, Усть-Вымский район, Микунь"
1989,117802,45.368517,41.708635,"Россия, Ставропольский край, Изобильный"
2435,117857,43.225727,44.764641,"Россия, Республика Ингушетия, Назрань"
2832,117885,43.758962,44.010146,"Россия, Кабардино-Балкарская Республика, Прохладный"
2831,118313,49.794114,129.411255,"Россия, Амурская область, Райчихинск"
2347,118314,54.896962,99.031391,"Россия, Иркутская область, Нижнеудинск"
2830,118421,54.536413,52.789489,"Россия, Республика Татарстан, Бугульма"
2829,118581,55.809034,38.978349,"Россия, Московская область, Орехово-Зуево"
2828,118879,43.041711,44.219875,"Россия, Республика Северная Осетия — Алания, Алагир"
2552,118930,54.406333,53.245896,"Россия, Республика Татарстан, Бавлы"
2827,118960,55.404356,49.549885,"Россия, Республика Татарстан, Лаишево"
2390,119239,54.630706,21.819503,"Россия, Калининградская область, Черняховск"
2770,119574,55.797286,37.934417,"Россия, Московская область, Балашиха"
2769,119639,58.221738,92.503702,"Россия, Красноярский край, Лесосибирск"
2038,120240,56.120166,93.335434,"Россия, Красноярский край, Сосновоборск"
2768,120332,51.873621,45.000323,"Россия, Саратовская область, Аткарск"
2037,120547,54.890391,61.403389,"Россия, Челябинская область, Коркино"
2767,120890,57.885626,34.053776,"Россия, Тверская область, Бологое"
2766,120976,55.663299,39.865579,"Россия, Московская область, Рошаль"
2765,121575,59.447275,29.484810,"Россия, Ленинградская область, Волосово"
2036,121615,52.653842,41.874302,"Россия, Тамбовская область, Рассказово"
2764,121849,59.880396,29.906560,"Россия, Санкт-Петербург, Петергоф"
2551,122090,51.499357,44.471098,"Россия, Саратовская область, Калининск"
2763,122132,44.878367,39.190235,"Россия, Республика Адыгея, Адыгейск"
2550,122148,53.060046,32.846755,"Россия, Брянская область, Мглин"
2762,122228,53.866508,44.372248,"Россия, Республика Мордовия, Инсар"
2761,122394,45.134296,33.603325,"Россия, Республика Крым, Саки"
2760,122406,56.348916,40.995588,"Россия, Владимирская область, Камешково"
2035,122431,56.018001,39.956525,"Россия, Владимирская область, Собинский район, Лакинск"
2549,122629,51.656333,103.718692,"Россия, Иркутская область, Слюдянка"
2548,122854,56.852037,41.385556,"Россия, Ивановская область, Шуя"
2759,123120,62.105650,42.899612,"Россия, Архангельская область, Шенкурск"
2034,123125,59.900534,32.352133,"Россия, Ленинградская область, Волхов"
2758,123265,43.193760,44.533792,"Россия, Республика Северная Осетия — Алания, Правобережный район, Беслан"
2389,123286,52.544889,103.888456,"Россия, Иркутская область, Ангарск"
2757,123447,59.604785,60.575313,"Россия, Свердловская область, Серов"
2432,123474,53.036996,158.655954,"Россия, Камчатский край, Петропавловск-Камчатский"
2421,123673,54.782526,32.044128,"Россия, Смоленск"
2756,124182,52.492167,82.779430,"Россия, Алтайский край, Алейск"
2755,124187,52.015924,48.797259,"Россия, Саратовская область, Пугачёв"
2547,124379,59.053956,60.594564,"Россия, Свердловская область, Новая Ляля"
2081,124387,55.763184,60.707599,"Россия, Челябинская область, Озёрск"
2429,124721,57.767961,40.926858,"Россия, Кострома"
2754,124735,53.584521,142.947186,"Россия, Сахалинская область, Оха"
2388,125183,57.109758,50.005744,"Россия, Кировская область, Уржум"
2387,125307,69.403185,86.190818,"Россия, Красноярский край, Таймырский Долгано-Ненецкий район, Дудинка"
2346,125309,48.607209,42.850259,"Россия, Волгоградская область, Суровикино"
2546,125310,56.120723,101.170378,"Россия, Иркутская область, Братский район, Вихоревка"
2753,125655,44.162084,133.269726,"Россия, Приморский край, Арсеньев"
2752,125870,52.495089,48.104604,"Россия, Саратовская область, Хвалынск"
2751,126470,54.223938,49.600802,"Россия, Ульяновская область, Димитровград"
2750,126483,43.905251,42.716715,"Россия, Ставропольский край, Кисловодск"
2545,126486,51.195350,42.247337,"Россия, Воронежская область, Поворино"
2415,126815,54.312416,48.395622,"Россия, Ульяновск"
2544,126850,54.863259,21.100528,"Россия, Калининградская область, Полесск"
2749,126853,56.583698,42.011843,"Россия, Ивановская область, Южа"
2386,126961,54.854646,58.422662,"Россия, Челябинская область, Катав-Ивановский район, Юрюзань"
2543,127190,59.513113,34.177303,"Россия, Ленинградская область, Бокситогорский район, Пикалёво"
2748,127242,61.312429,63.336510,"Россия, ХМАО, Югорск"
2080,127243,60.758589,72.836526,"Россия, ХМАО, Пыть-Ях"
2426,127492,52.610220,39.594719,"Россия, Липецк"
2747,127792,55.678798,37.893508,"Россия, Московская область, Люберцы"
2746,127861,45.190445,33.366861,"Россия, Республика Крым, Евпатория"
2745,127950,60.950810,29.130882,"Россия, Ленинградская область, Выборгский район, Каменногорск"
2345,128113,57.876779,35.005110,"Россия, Тверская область, Удомля"
2744,129010,54.082107,37.826790,"Россия, Тульская область, Киреевский район, Болохово"
2743,129027,60.694531,60.424477,"Россия, Свердловская область, Ивдель"
2344,129129,50.794493,41.995844,"Россия, Волгоградская область, Урюпинск"
2742,129168,56.320208,36.551982,"Россия, Московская область, Клинский район, Высоковск"
2741,129206,56.846553,62.712073,"Россия, Свердловская область, Камышлов"
2079,129301,43.483852,44.140303,"Россия, Кабардино-Балкарская Республика, Терек"
2078,129309,55.961808,94.709138,"Россия, Красноярский край, Заозёрный"
2740,129322,50.466326,48.132119,"Россия, Саратовская область, Новоузенск"
2739,129391,44.867924,38.161754,"Россия, Краснодарский край, Абинск"
2738,129458,53.016388,39.144843,"Россия, Липецкая область, Лебедянь"
2737,129617,51.296695,37.835054,"Россия, Белгородская область, Старый Оскол"
2736,129814,49.159788,142.105133,"Россия, Сахалинская область, Углегорский район, Шахтёрск"
2418,129847,56.484680,84.948197,"Россия, Томск"
2413,130093,53.722356,91.443699,"Россия, Республика Хакасия, Абакан"
2077,130134,42.970706,132.411098,"Россия, Приморский край, Фокино"
2343,130211,54.094122,36.242764,"Россия, Тульская область, Суворовский район, Чекалин"
2440,130244,64.539393,40.516939,"Россия, Архангельск"
2342,130286,50.976819,44.785679,"Россия, Волгоградская область, Жирновск"
2735,130709,60.760356,46.305485,"Россия, Вологодская область, Великий Устюг"
2734,130882,54.756973,38.874845,"Россия, Московская область, Зарайск"
2434,131006,43.485278,43.607072,"Россия, Кабардино-Балкарская Республика, Нальчик"
2341,131039,56.523409,52.994278,"Россия, Республика Татарстан, Агрыз"
2733,131135,54.859808,53.074533,"Россия, Республика Татарстан, Азнакаево"
2340,131279,55.031649,22.032386,"Россия, Калининградская область, Неман"
2542,131339,61.505400,38.947214,"Россия, Архангельская область, Каргополь"
2732,131349,53.155782,48.474485,"Россия, Самарская область, Сызрань"
2731,131368,56.258053,32.078291,"Россия, Тверская область, Западная Двина"
2730,131495,57.041338,34.960140,"Россия, Тверская область, Торжок"
2419,131529,56.859611,35.911896,"Россия, Тверь"
2729,131708,59.746718,30.595361,"Россия, Санкт-Петербург, Колпино"
2728,131751,59.909761,29.775711,"Россия, Санкт-Петербург, Ломоносов"
2727,131852,55.066045,67.892855,"Россия, Курганская область, Петухово"
2541,131869,43.747195,44.657058,"Россия, Республика Северная Осетия — Алания, Моздок"
2540,132005,49.584135,42.734008,"Россия, Волгоградская область, Серафимович"
2539,132296,44.613517,33.610017,"Россия, Севастополь, Инкерман"
2726,132337,52.144916,93.917309,"Россия, Республика Тыва, Пий-Хемский район, Туран"
2725,133108,51.996094,84.983959,"Россия, Алтайский край, Белокуриха"
2076,133115,64.413695,40.820749,"Россия, Архангельская область, Новодвинск"
2442,133586,44.609764,40.100516,"Россия, Республика Адыгея, Майкоп"
2075,133620,52.126879,35.074020,"Россия, Курская область, Дмитриев"
2385,134014,52.091789,35.853892,"Россия, Курская область, Фатеж"
2724,134156,54.836378,38.150803,"Россия, Московская область, Кашира"
2723,135004,60.106392,32.315841,"Россия, Ленинградская область, Волховский район, Новая Ладога"
2722,135137,69.701761,170.299935,"Россия, Чукотский автономный округ, Чаунский район, Певек"
2721,135183,57.785670,36.693871,"Россия, Тверская область, Бежецк"
2339,135277,55.756670,52.054460,"Россия, Республика Татарстан, Елабуга"
2538,135309,57.491737,42.137491,"Россия, Ивановская область, Заволжск"
2379,135322,51.833507,107.584125,"Россия, Республика Бурятия, Улан-Удэ"
2720,135486,56.087042,63.629747,"Россия, Курганская область, Шадринск"
2537,135767,63.751722,121.627326,"Россия, Республика Саха (Якутия), Вилюйск"
2074,135816,56.909652,60.818092,"Россия, Свердловская область, Берёзовский"
2719,135845,53.597306,34.339656,"Россия, Брянская область, Дятьково"
2718,135980,66.036849,60.115358,"Россия, Республика Коми, городской округ Инта, город Инта"
2717,136273,55.268179,31.506316,"Россия, Смоленская область, Демидов"
2716,136741,52.720548,58.666429,"Россия, Республика Башкортостан, Сибай"
2425,136758,56.634407,47.899878,"Россия, Республика Марий Эл, Йошкар-Ола"
2323,136789,50.092934,118.032331,"Россия, Забайкальский край, Краснокаменск"
2715,137089,55.862333,48.371574,"Россия, Республика Марий Эл, Волжск"
2693,137105,56.091311,49.876989,"Россия, Республика Татарстан, Арск"
2714,137159,55.973849,48.017063,"Россия, Республика Марий Эл, Звенигово"
2500,137371,51.534705,92.919972,"Россия, Республика Тыва, Улуг-Хемский район, Шагонар"
2713,137375,59.376655,28.223117,"Россия, Ленинградская область, Кингисеппский район, Ивангород"
2712,137386,53.146143,140.711046,"Россия, Хабаровский край, Николаевск-на-Амуре"
2073,137457,54.002087,37.517635,"Россия, Тульская область, Щёкино"
2711,137472,51.999543,127.676114,"Россия, Амурская область, Шимановск"
2499,137625,51.285526,106.529323,"Россия, Республика Бурятия, Селенгинский район, Гусиноозёрск"
2710,137656,54.832479,37.620977,"Россия, Московская область, Пущино"
2709,137909,57.051806,53.987392,"Россия, Удмуртская Республика, Воткинск"
2708,138263,53.455430,34.415887,"Россия, Брянская область, Фокино"
2692,138265,62.205954,34.268168,"Россия, Республика Карелия, Кондопога"
2072,138438,52.315289,45.390362,"Россия, Саратовская область, Петровск"
2691,138482,51.849627,116.033517,"Россия, Забайкальский край, Шилка"
2477,138527,62.541028,113.978692,"Россия, Республика Саха (Якутия), Мирный"
2071,138796,62.764516,40.336054,"Россия, Архангельская область, Мирный"
2707,138838,54.990628,57.278424,"Россия, Челябинская область, Аша"
2417,138954,54.193033,37.617752,"Россия, Тула"
2498,139029,55.483719,54.870167,"Россия, Республика Башкортостан, Дюртюли"
2706,139051,53.825897,91.325993,"Россия, Республика Хакасия, Черногорск"
2705,139061,43.509645,44.590188,"Россия, Республика Ингушетия, Малгобек"
2070,139112,58.539037,48.892840,"Россия, Кировская область, Орлов"
2690,139118,45.103812,41.047493,"Россия, Краснодарский край, Новокубанск"
2069,139133,54.424906,43.784480,"Россия, Республика Мордовия, Краснослободск"
2704,139188,52.585277,32.760346,"Россия, Брянская область, Стародуб"
2703,139333,47.535352,134.755297,"Россия, Хабаровский край, Вяземский"
2702,139377,54.940681,58.805111,"Россия, Челябинская область, Саткинский район, Бакал"
2068,139765,60.713022,28.732893,"Россия, Ленинградская область, Выборг"
2067,139772,55.338715,41.634030,"Россия, Владимирская область, Меленки"
2066,139773,55.888755,37.430337,"Россия, Московская область, Химки"
2436,139774,51.661535,39.200287,"Россия, Воронеж"
2427,139846,44.952116,34.102411,"Россия, Республика Крым, Симферополь"
2689,139984,55.813172,94.328297,"Россия, Красноярский край, Уяр"
2701,140007,54.409834,34.018948,"Россия, Калужская область, Спас-Деменск"
2700,140239,45.930850,133.731738,"Россия, Приморский край, Дальнереченск"
2699,140633,56.269496,90.495231,"Россия, Красноярский край, Ачинск"
2698,141218,56.036251,35.957423,"Россия, Московская область, Волоколамск"
2688,141469,54.408508,22.013521,"Россия, Калининградская область, Озёрск"
2697,141578,44.638287,41.936061,"Россия, Ставропольский край, Невинномысск"
2687,141599,55.372334,50.643575,"Россия, Республика Татарстан, Чистополь"
2696,141933,61.742253,75.594120,"Россия, ХМАО, городской округ Покачи, Покачи"
2695,141973,52.619302,38.499943,"Россия, Липецкая область, Елец"
2365,142014,59.939095,30.315868,"Россия, Санкт-Петербург"
2362,142015,55.753960,37.620393,"Россия, Москва"
2980,142087,56.150670,44.206751,"Россия, Нижегородская область, Кстово"
2893,142095,55.429716,42.512483,"Россия, Нижегородская область, Кулебаки"
3067,142096,56.026252,45.035725,"Россия, Нижегородская область, Лысково"
3066,142098,55.032697,44.493349,"Россия, Нижегородская область, Лукоянов"
3065,142100,55.543888,42.188740,"Россия, Нижегородская область, Навашино"
3064,142101,55.964629,43.064570,"Россия, Нижегородская область, Павлово"
2892,142104,55.989990,43.271955,"Россия, Нижегородская область, Павловский район, Ворсма"
2979,142105,56.130869,43.062701,"Россия, Нижегородская область, Павловский район, Горбатов"
2891,142108,55.596849,44.544931,"Россия, Нижегородская область, Перевоз"
2890,142111,55.520105,45.481361,"Россия, Нижегородская область, Сергач"
3063,142120,56.766253,43.251105,"Россия, Нижегородская область, Чкаловск"
2978,142121,57.461173,45.783348,"Россия, Нижегородская область, Урень"
2884,142124,58.521475,31.275475,"Россия, Новгородская область, Великий Новгород"
3062,142147,58.388219,33.914025,"Россия, Новгородская область, Боровичи"
2928,142150,57.980199,33.246667,"Россия, Новгородская область, Валдай"
3061,142158,58.845758,32.217664,"Россия, Новгородская область, Малая Вишера"
3060,142161,58.390945,33.290253,"Россия, Новгородская область, Окуловка"
2927,142162,58.595347,35.800685,"Россия, Новгородская область, Пестово"
3059,142165,58.120168,30.309355,"Россия, Новгородская область, Сольцы"
3058,142169,57.990767,31.355506,"Россия, Новгородская область, Старая Русса"
3057,142171,57.145202,31.178781,"Россия, Новгородская область, Холм"
3056,142174,59.121190,31.670285,"Россия, Новгородская область, Чудово"
2883,142175,55.030199,82.920430,"Россия, Новосибирск"
3055,142176,54.994594,82.693758,"Россия, Новосибирская область, Обь"
2926,142177,54.758288,83.107135,"Россия, Новосибирская область, Бердск"
3089,142179,55.445972,78.311111,"Россия, Новосибирская область, Куйбышев"
2977,142180,54.642582,83.306382,"Россия, Новосибирская область, Искитим"
3088,142181,55.351508,78.346415,"Россия, Новосибирская область, Барабинск"
2889,142182,55.214532,75.974090,"Россия, Новосибирская область, Татарск"
2938,142216,55.669336,84.390711,"Россия, Новосибирская область, город Болотное"
3087,142291,53.734326,78.042362,"Россия, Новосибирская область, Карасук"
2925,142328,55.194476,80.283039,"Россия, Новосибирская область, Каргат"
2924,142392,54.366046,77.297254,"Россия, Новосибирская область, Купино"
3086,142533,55.238039,84.402856,"Россия, Новосибирская область, Тогучин"
2888,142584,54.220642,83.372516,"Россия, Новосибирская область, Черепаново"
2968,142601,55.091258,80.963288,"Россия, Новосибирская область, Чулым"
3054,142650,55.051608,74.578467,"Россия, Омская область, Калачинск"
3053,142651,54.909168,71.267475,"Россия, Омская область, Исилькуль"
3052,142660,55.568853,71.350344,"Россия, Омская область, Называевск"
2887,142671,56.897015,74.370795,"Россия, Омская область, Тара"
2976,142675,55.870506,72.195506,"Россия, Омская область, Тюкалинск"
2881,142678,51.768199,55.096955,"Россия, Оренбург"
3051,142679,51.196423,58.301776,"Россия, Оренбургская область, Новотроицк"
3050,142680,51.229345,58.475214,"Россия, Оренбургская область, Орск"
3049,142681,51.403794,57.583240,"Россия, Оренбургская область, Медногорск"
3048,142682,52.788100,52.262429,"Россия, Оренбургская область, Бузулук"
3047,142683,53.652300,52.432606,"Россия, Оренбургская область, Бугуруслан"
3046,142684,51.478483,57.361168,"Россия, Оренбургская область, Кувандык"
3045,142685,51.464996,58.443683,"Россия, Оренбургская область, Гай"
3044,142688,51.160800,54.984073,"Россия, Оренбургская область, Соль-Илецк"
3043,142689,52.429092,53.151016,"Россия, Оренбургская область, Сорочинск"
3042,142698,51.036877,59.874349,"Россия, Оренбургская область, Ясный"
3041,142703,52.974633,37.043809,"Россия, Орловская область, Новосиль"
3040,142727,53.677839,53.647263,"Россия, Оренбургская область, Абдулино"
2975,142728,52.967187,36.069613,"Россия, Орёл"
3039,142729,53.278939,36.575006,"Россия, Орловская область, Мценск"
3038,142730,52.426549,37.608041,"Россия, Орловская область, Ливны"
3037,142736,53.443944,36.007755,"Россия, Орловская область, Болхов"
3036,142741,52.505434,35.141510,"Россия, Орловская область, Дмитровск"
3035,142749,52.400215,36.503796,"Россия, Орловская область, Малоархангельск"
2882,142945,54.989342,73.368212,"Россия, Омск"
2939,142960,54.599988,53.694982,"Россия, Республика Башкортостан, Туймазы"
3034,142965,54.319171,59.378595,"Россия, Республика Башкортостан, Учалы"
2898,142970,55.545166,37.073220,"Россия, Московская область, Наро-Фоминский район, Апрелевка"
2937,142971,55.383874,36.724225,"Россия, Московская область, Наро-Фоминск"
2936,142972,55.343420,36.187778,"Россия, Московская область, Наро-Фоминский район, Верея"
2967,142973,55.855537,38.441058,"Россия, Московская область, Ногинск"
2966,142974,55.810648,38.175624,"Россия, Московская область, Ногинский район, Старая Купавна"
3033,142975,55.717001,38.219318,"Россия, Московская область, Ногинский район, Электроугли"
2923,142976,55.618959,36.985590,"Россия, Московская область, Одинцовский район, Голицыно"
2965,142977,55.678971,37.263609,"Россия, Московская область, Одинцово"
2897,142978,55.575459,36.694913,"Россия, Московская область, Одинцовский район, городское поселение Кубинка, Кубинка"
2964,142979,54.853579,38.563085,"Россия, Московская область, Озёры"
3032,142980,55.779393,38.651318,"Россия, Московская область, Павловский Посад"
2922,142981,55.744318,38.849881,"Россия, Московская область, Орехово-Зуевский район, Дрезна"
3031,142982,55.579144,38.920866,"Россия, Московская область, Орехово-Зуевский район, Куровское"
2921,142983,55.707786,38.957742,"Россия, Московская область, Орехово-Зуевский район, Ликино-Дулёво"
2963,142984,56.007524,37.848574,"Россия, Московская область, Пушкино"
3085,142985,55.567321,38.225804,"Россия, Московская область, Раменское"
3084,142986,55.700106,36.193617,"Россия, Московская область, Руза"
2920,142987,56.440956,38.232047,"Россия, Московская область, Сергиево-Посадский район, Краснозаводск"
3030,142988,56.252182,37.978677,"Россия, Московская область, Сергиево-Посадский район, Хотьково"
3029,142989,56.315321,38.135766,"Россия, Московская область, Сергиев Посад"
2935,142991,56.415823,38.173279,"Россия, Московская область, Сергиево-Посадский район, Пересвет"
2899,142992,56.185147,36.976678,"Россия, Московская область, Солнечногорск"
3028,142997,68.142161,33.266960,"Россия, Мурманская область, Оленегорск"
3027,142998,54.886880,38.078390,"Россия, Московская область, Ступино"
3026,142999,56.730840,37.527633,"Россия, Московская область, Талдом"
2919,143001,55.149851,37.466997,"Россия, Московская область, Чехов"
3083,143004,55.577739,39.544477,"Россия, Московская область, Шатура"
3082,143005,55.923387,37.978399,"Россия, Московская область, Щёлково"
2886,143006,68.969563,33.074540,"Россия, Мурманск"
3025,143007,67.567797,33.406737,"Россия, Мурманская область, Апатиты"
3024,143008,69.400373,32.450139,"Россия, Мурманская область, Заозёрск"
2962,143009,67.938579,32.935948,"Россия, Мурманская область, Мончегорск"
2918,143010,67.615114,33.663674,"Россия, Мурманская область, Кировск"
2934,143012,69.076631,33.417814,"Россия, Мурманская область, Североморск"
2933,143014,68.051002,39.507691,"Россия, Мурманская область, Островной"
3023,143015,67.372999,32.497615,"Россия, Мурманская область, Полярные Зори"
2917,143016,67.566160,30.474295,"Россия, Мурманская область, Ковдор"
2896,143017,69.192142,33.238267,"Россия, Мурманская область, Снежногорск"
3022,143018,69.249049,33.315262,"Россия, Мурманская область, Гаджиево"
2961,143019,67.156727,32.414306,"Россия, Мурманская область, Кандалакша"
3021,143020,69.198909,33.451033,"Россия, Мурманская область, Полярный"
2885,143021,56.326887,44.005986,"Россия, Нижний Новгород"
3020,143022,69.413269,30.798470,"Россия, Мурманская область, Печенгский район, Заполярный"
3019,143023,68.878606,33.026247,"Россия, Мурманская область, Кола"
2959,143024,56.238377,43.461625,"Россия, Нижегородская область, Дзержинск"
3018,143025,56.356517,44.064575,"Россия, Нижегородская область, Бор"
3014,143026,54.922788,43.344844,"Россия, Нижегородская область, Саров"
2958,143027,55.386666,43.815687,"Россия, Нижегородская область, Арзамас"
2916,143028,56.789012,44.490331,"Россия, Нижегородская область, Семёнов"
2915,143029,55.320683,42.167961,"Россия, Нижегородская область, Выкса"
3017,143030,57.673362,46.618727,"Россия, Нижегородская область, Шахунья"
3016,143031,54.867632,43.801377,"Россия, Нижегородская область, Первомайск"
2914,143032,56.504556,43.602005,"Россия, Нижегородская область, Балахна"
2957,143037,56.102066,43.513611,"Россия, Нижегородская область, Богородск"
3015,143038,57.855863,45.776251,"Россия, Нижегородская область, Ветлуга"
2913,143039,56.216950,43.159729,"Россия, Нижегородская область, Володарск"
3092,143040,56.644822,43.472351,"Россия, Нижегородская область, Городец"
3091,143041,56.640441,43.387164,"Россия, Нижегородская область, Городецкий район, Заволжье"
2912,143042,55.820566,45.032249,"Россия, Нижегородская область, Княгинино"
2974,143043,53.194546,45.019529,"Россия, Пенза"
3013,143044,53.196110,45.169089,"Россия, Пензенская область, Заречный"
2956,143045,53.119335,46.601165,"Россия, Пензенская область, Кузнецк"
3090,143077,53.927130,43.185959,"Россия, Пензенская область, Спасск"
2983,143088,52.965620,43.408679,"Россия, Пензенская область, Белинский"
3081,143117,53.076040,45.691100,"Россия, Пензенская область, Городищенский район, Сурск"
3080,143118,53.272758,45.702670,"Россия, Пензенская область, Городище"
2911,143121,53.185524,44.046896,"Россия, Пензенская область, Каменка"
3079,143257,53.530043,43.672990,"Россия, Пензенская область, Нижний Ломов"
3078,143259,52.455721,44.202717,"Россия, Пензенская область, Сердобск"
3012,143276,53.713138,46.082828,"Россия, Пензенская область, Никольск"
2973,143332,58.010259,56.234195,"Россия, Пермь"
2932,143340,59.407922,56.804015,"Россия, Пермский край, Березники"
2908,143341,59.161338,57.576422,"Россия, Пермский край, Александровск"
2955,143342,58.562599,57.852034,"Россия, Пермский край, Гремячинск"
3011,143343,58.469715,56.413113,"Россия, Пермский край, Добрянка"
2907,143344,58.837083,57.554503,"Россия, Пермский край, Губаха"
3010,143345,59.051258,57.647120,"Россия, Пермский край, Кизел"
2954,143346,57.428374,56.943802,"Россия, Пермский край, Кунгур"
2953,143347,58.099666,57.808646,"Россия, Пермский край, Лысьва"
3077,143348,59.648333,56.771029,"Россия, Пермский край, Соликамск"
3076,143349,56.778061,54.147759,"Россия, Пермский край, Чайковский"
3075,143350,58.297548,57.819318,"Россия, Пермский край, Чусовой"
2910,143351,59.016785,54.657338,"Россия, Пермский край, Кудымкар"
2909,143352,58.374342,58.323129,"Россия, Пермский край, Горнозаводск"
3009,143353,58.080537,54.659952,"Россия, Пермский край, Верещагино"
2931,143354,58.784335,56.150796,"Россия, Пермский край, Ильинский район, Чёрмоз"
2952,143355,60.390231,57.053666,"Россия, Пермский край, Красновишерск"
3074,143356,57.931525,55.317662,"Россия, Пермский край, Нытва"
2945,143357,57.288988,55.469100,"Россия, Пермский край, Оса"
2951,143358,57.717989,55.387291,"Россия, Пермский край, Оханск"
2906,143359,57.885201,54.716096,"Россия, Пермский край, город Очёр"
2905,143360,59.427847,56.683757,"Россия, Пермский край, Усольский район, Усолье"
2960,143361,56.507765,56.077233,"Россия, Пермский край, Чернушка"
3008,143362,60.401121,56.480082,"Россия, Пермский край, Чердынь"
2982,143363,58.078357,55.736376,"Россия, Пермский край, Краснокамск"
2972,143364,57.819365,28.331786,"Россия, Псков"
3007,143365,56.342650,30.523397,"Россия, Псковская область, Великие Луки"
3006,143367,57.826914,29.962992,"Россия, Псковская область, Дно"
3005,143368,58.743239,27.826412,"Россия, Псковская область, Гдов"
3073,143369,56.020220,29.923969,"Россия, Псковская область, Невель"
3004,143370,57.028692,29.338079,"Россия, Псковская область, Новоржев"
2904,143371,56.340749,30.152761,"Россия, Псковская область, Новосокольники"
2903,143372,56.714210,28.660039,"Россия, Псковская область, Опочка"
3003,143373,57.345188,28.343806,"Россия, Псковская область, Остров"
3002,143374,57.813934,27.609064,"Россия, Псковская область, Печоры"
2902,143375,57.764855,29.553145,"Россия, Псковская область, Порхов"
2950,143376,56.337526,29.366780,"Россия, Псковская область, Пустошка"
2895,143377,56.290789,28.472498,"Россия, Псковская область, Себеж"
2930,143378,57.061747,27.918938,"Россия, Псковская область, Пыталово"
2971,143379,47.222531,39.718705,"Россия, Ростов-на-Дону"
3001,143380,47.516545,42.198423,"Россия, Ростовская область, Волгодонск"
2901,143381,47.138235,39.750748,"Россия, Ростовская область, Батайск"
3000,143382,48.058442,39.940274,"Россия, Ростовская область, Гуково"
2999,143383,48.043493,40.126495,"Россия, Ростовская область, Зверево"
2949,143384,48.335137,39.945988,"Россия, Ростовская область, Донецк"
2900,143385,47.411918,40.104163,"Россия, Ростовская область, Новочеркасск"
2998,143386,47.757738,39.936430,"Россия, Ростовская область, Новошахтинск"
2989,143387,48.320515,40.268923,"Россия, Ростовская область, Каменск-Шахтинский"
2988,143388,47.708485,40.215958,"Россия, Ростовская область, Шахты"
3072,143389,47.209580,38.935194,"Россия, Ростовская область, Таганрог"
2997,143390,47.112129,39.423267,"Россия, Ростовская область, Азов"
2996,143391,47.269804,39.862615,"Россия, Ростовская область, Аксай"
2995,143392,48.176977,40.803340,"Россия, Ростовская область, Белая Калитва"
2948,143393,46.849564,40.312815,"Россия, Ростовская область, Зерноград"
2987,143394,47.577341,41.096694,"Россия, Ростовская область, Константиновск"
2981,143395,47.894709,40.057990,"Россия, Ростовская область, Красный Сулин"
2947,143396,48.921546,40.396663,"Россия, Ростовская область, Миллерово"
2944,143397,48.351157,41.830878,"Россия, Ростовская область, Морозовск"
2994,143398,46.703849,41.727544,"Россия, Ростовская область, Пролетарск"
3071,143399,46.475177,41.541135,"Россия, Ростовская область, Сальск"
2894,143400,47.517792,40.811505,"Россия, Ростовская область, Семикаракорск"
2943,143401,47.647714,42.093060,"Россия, Ростовская область, Цимлянск"
2970,143402,54.629169,39.734928,"Россия, Рязань"
2929,143403,53.823590,39.549328,"Россия, Рязанская область, Скопин"
2946,143404,54.937288,41.391368,"Россия, Рязанская область, Касимов"
2993,143405,54.343961,41.920925,"Россия, Рязанская область, Сасово"
3070,143408,55.129231,40.174546,"Россия, Рязанская область, Спас-Клепики"
3093,143409,54.227143,39.024999,"Россия, Рязанская область, Михайлов"
3069,143410,53.924590,40.022794,"Россия, Рязанская область, Кораблино"
2942,143412,54.037710,39.746616,"Россия, Рязанская область, Пронский район, Новомичуринск"
2941,143413,53.708869,40.062867,"Россия, Рязанская область, Ряжск"
3068,143414,54.729065,39.493722,"Россия, Рязанская область, Рыбное"
2992,143415,54.407072,40.376424,"Россия, Рязанская область, Спасск-Рязанский"
2986,143416,54.028826,41.718256,"Россия, Рязанская область, Шацк"
2969,143417,53.195522,50.101819,"Россия, Самара"
2940,143418,53.401226,49.494441,"Россия, Самарская область, Жигулёвск"
2991,143419,53.099469,49.947767,"Россия, Самарская область, Новокуйбышевск"
2985,143420,53.164038,48.670668,"Россия, Самарская область, Октябрьск"
2990,143421,53.376077,51.348986,"Россия, Самарская область, Отрадный"
2984,143422,52.978759,49.713711,"Россия, Самарская область, Чапаевск"
